-- phpMyAdmin SQL Dump
-- version 4.8.3
-- https://www.phpmyadmin.net/
--
-- Host: 127.0.0.1
-- Generation Time: Sep 23, 2022 at 07:49 AM
-- Server version: 10.1.37-MariaDB
-- PHP Version: 7.2.12

SET SQL_MODE = "NO_AUTO_VALUE_ON_ZERO";
SET AUTOCOMMIT = 0;
START TRANSACTION;
SET time_zone = "+00:00";


/*!40101 SET @OLD_CHARACTER_SET_CLIENT=@@CHARACTER_SET_CLIENT */;
/*!40101 SET @OLD_CHARACTER_SET_RESULTS=@@CHARACTER_SET_RESULTS */;
/*!40101 SET @OLD_COLLATION_CONNECTION=@@COLLATION_CONNECTION */;
/*!40101 SET NAMES utf8mb4 */;

--
-- Database: `anp_sub`
--

-- --------------------------------------------------------

--
-- Table structure for table `tb_alternatif`
--

CREATE TABLE `tb_alternatif` (
  `kode_alternatif` varchar(16) NOT NULL,
  `nama_alternatif` varchar(256) NOT NULL DEFAULT '',
  `keterangan` varchar(256) NOT NULL DEFAULT '',
  `total` double NOT NULL,
  `rank` int(11) NOT NULL DEFAULT '0'
) ENGINE=MyISAM DEFAULT CHARSET=latin1;

--
-- Dumping data for table `tb_alternatif`
--

INSERT INTO `tb_alternatif` (`kode_alternatif`, `nama_alternatif`, `keterangan`, `total`, `rank`) VALUES
('A01', 'ABDUL HALIM BARUS', '', 0.18334537959647, 1),
('A02', 'JULIUS', '', 0.12173441275661, 4),
('A03', 'MUHAMMAD SYAHFITRA', '', 0.12173441275661, 5),
('A04', 'FERRY WAHYUDI', '', 0.11189942919195, 7),
('A05', 'SUYENDRA MART WIJAYA', '', 0.12173441275661, 6),
('A06', 'MUHAMMAD MUSLIM', '', 0.16977597647086, 2),
('A07', 'RAHMAD SYAHPUTRA', '', 0.16977597647086, 3);

-- --------------------------------------------------------

--
-- Table structure for table `tb_alternatif_sub`
--

CREATE TABLE `tb_alternatif_sub` (
  `ID` int(11) NOT NULL,
  `kode_alternatif` varchar(16) DEFAULT NULL,
  `kode_sub` varchar(16) DEFAULT NULL,
  `bobot_alternatif` double DEFAULT NULL
) ENGINE=InnoDB DEFAULT CHARSET=latin1;

--
-- Dumping data for table `tb_alternatif_sub`
--

INSERT INTO `tb_alternatif_sub` (`ID`, `kode_alternatif`, `kode_sub`, `bobot_alternatif`) VALUES
(60, 'A01', '	S01SC02', 0.14285714285714),
(61, 'A02', '	S01SC02', 0.14285714285714),
(62, 'A03', '	S01SC02', 0.14285714285714),
(84, 'A04', '	S01SC02', 0.14285714285714),
(99, 'A05', '	S01SC02', 0.14285714285714),
(114, 'A06', '	S01SC02', 0.14285714285714),
(129, 'A07', '	S01SC02', 0.14285714285714),
(152, 'A01', 'C1SC1', 0.14285714285714),
(153, 'A02', 'C1SC1', 0.14285714285714),
(154, 'A03', 'C1SC1', 0.14285714285714),
(155, 'A04', 'C1SC1', 0.14285714285714),
(156, 'A05', 'C1SC1', 0.14285714285714),
(157, 'A06', 'C1SC1', 0.14285714285714),
(158, 'A07', 'C1SC1', 0.14285714285714),
(159, 'A01', 'C1SC2', 0.33333333336508),
(160, 'A02', 'C1SC2', 0.11111111110582),
(161, 'A03', 'C1SC2', 0.11111111110582),
(162, 'A04', 'C1SC2', 0.11111111110582),
(163, 'A05', 'C1SC2', 0.11111111110582),
(164, 'A06', 'C1SC2', 0.11111111110582),
(165, 'A07', 'C1SC2', 0.11111111110582),
(166, 'A01', 'C1SC3', 0.14285714285714),
(167, 'A02', 'C1SC3', 0.14285714285714),
(168, 'A03', 'C1SC3', 0.14285714285714),
(169, 'A04', 'C1SC3', 0.14285714285714),
(170, 'A05', 'C1SC3', 0.14285714285714),
(171, 'A06', 'C1SC3', 0.14285714285714),
(172, 'A07', 'C1SC3', 0.14285714285714),
(173, 'A01', 'C1SC4', 0.15789473684923),
(174, 'A02', 'C1SC4', 0.15789473684923),
(175, 'A03', 'C1SC4', 0.15789473684923),
(176, 'A04', 'C1SC4', 0.05263157890463),
(177, 'A05', 'C1SC4', 0.15789473684923),
(178, 'A06', 'C1SC4', 0.15789473684923),
(179, 'A07', 'C1SC4', 0.15789473684923),
(180, 'A01', 'C1SC5', 0.15789473684923),
(181, 'A02', 'C1SC5', 0.15789473684923),
(182, 'A03', 'C1SC5', 0.15789473684923),
(183, 'A04', 'C1SC5', 0.05263157890463),
(184, 'A05', 'C1SC5', 0.15789473684923),
(185, 'A06', 'C1SC5', 0.15789473684923),
(186, 'A07', 'C1SC5', 0.15789473684923),
(187, 'A01', 'C2SC1', 0.26315789473684),
(188, 'A02', 'C2SC1', 0.052631578947368),
(189, 'A03', 'C2SC1', 0.052631578947368),
(190, 'A04', 'C2SC1', 0.052631578947368),
(191, 'A05', 'C2SC1', 0.052631578947368),
(192, 'A06', 'C2SC1', 0.26315789473684),
(193, 'A07', 'C2SC1', 0.26315789473684),
(194, 'A01', 'C2SC2', 0.14285714285714),
(195, 'A02', 'C2SC2', 0.14285714285714),
(196, 'A03', 'C2SC2', 0.14285714285714),
(197, 'A04', 'C2SC2', 0.14285714285714),
(198, 'A05', 'C2SC2', 0.14285714285714),
(199, 'A06', 'C2SC2', 0.14285714285714),
(200, 'A07', 'C2SC2', 0.14285714285714),
(201, 'A01', 'C3SC1', 0.26315789473684),
(202, 'A02', 'C3SC1', 0.052631578947368),
(203, 'A03', 'C3SC1', 0.052631578947368),
(204, 'A04', 'C3SC1', 0.052631578947368),
(205, 'A05', 'C3SC1', 0.052631578947368),
(206, 'A06', 'C3SC1', 0.26315789473684),
(207, 'A07', 'C3SC1', 0.26315789473684),
(208, 'A01', 'C3SC2', 0.26315789473684),
(209, 'A02', 'C3SC2', 0.052631578947368),
(210, 'A03', 'C3SC2', 0.052631578947368),
(211, 'A04', 'C3SC2', 0.052631578947368),
(212, 'A05', 'C3SC2', 0.052631578947368),
(213, 'A06', 'C3SC2', 0.26315789473684),
(214, 'A07', 'C3SC2', 0.26315789473684);

-- --------------------------------------------------------

--
-- Table structure for table `tb_kriteria`
--

CREATE TABLE `tb_kriteria` (
  `kode_kriteria` varchar(16) NOT NULL,
  `nama_kriteria` varchar(255) DEFAULT NULL,
  `bobot_kriteria` double DEFAULT NULL
) ENGINE=MyISAM DEFAULT CHARSET=latin1;

--
-- Dumping data for table `tb_kriteria`
--

INSERT INTO `tb_kriteria` (`kode_kriteria`, `nama_kriteria`, `bobot_kriteria`) VALUES
('C03', 'Kehadiran dan Disiplin', 0.083307882653203),
('C02', 'Produktivitas Kinerja', 0.19318605996184),
('C01', 'Peforma Kinerja', 0.72350605738496);

-- --------------------------------------------------------

--
-- Table structure for table `tb_rel_alternatif`
--

CREATE TABLE `tb_rel_alternatif` (
  `ID` int(11) NOT NULL,
  `kode_sub` varchar(16) DEFAULT NULL,
  `ID1` varchar(16) DEFAULT NULL,
  `ID2` varchar(16) DEFAULT NULL,
  `nilai` double DEFAULT NULL
) ENGINE=MyISAM DEFAULT CHARSET=latin1;

--
-- Dumping data for table `tb_rel_alternatif`
--

INSERT INTO `tb_rel_alternatif` (`ID`, `kode_sub`, `ID1`, `ID2`, `nilai`) VALUES
(1146, 'C1SC3', 'A07', 'A07', 1),
(1105, 'C1SC3', 'A01', 'A02', 1),
(336, '	S01SC02', 'A02', 'A01', 1),
(1061, 'C1SC2', 'A06', 'A02', 1),
(1062, 'C1SC2', 'A07', 'A02', 1),
(1063, 'C1SC2', 'A01', 'A03', 3),
(1064, 'C1SC2', 'A02', 'A03', 1),
(1065, 'C1SC2', 'A03', 'A03', 1),
(1066, 'C1SC2', 'A04', 'A03', 1),
(1067, 'C1SC2', 'A05', 'A03', 1),
(1068, 'C1SC2', 'A06', 'A03', 1),
(340, '	S01SC02', 'A03', 'A02', 1),
(339, '	S01SC02', 'A02', 'A02', 1),
(335, '	S01SC02', 'A01', 'A01', 1),
(1363, 'C3SC1', 'A07', 'A03', 5),
(1060, 'C1SC2', 'A05', 'A02', 1),
(1048, 'C1SC1', 'A07', 'A07', 1),
(1049, 'C1SC2', 'A01', 'A01', 1),
(1050, 'C1SC2', 'A02', 'A01', 0.333333333),
(1051, 'C1SC2', 'A03', 'A01', 0.333333333),
(1052, 'C1SC2', 'A04', 'A01', 0.333333333),
(1053, 'C1SC2', 'A05', 'A01', 0.333333333),
(1054, 'C1SC2', 'A06', 'A01', 0.333333333),
(1055, 'C1SC2', 'A07', 'A01', 0.333333333),
(1056, 'C1SC2', 'A01', 'A02', 3),
(1057, 'C1SC2', 'A02', 'A02', 1),
(1058, 'C1SC2', 'A03', 'A02', 1),
(343, '	S01SC02', 'A03', 'A03', 1),
(342, '	S01SC02', 'A02', 'A03', 1),
(341, '	S01SC02', 'A01', 'A03', 1),
(338, '	S01SC02', 'A01', 'A02', 1),
(337, '	S01SC02', 'A03', 'A01', 1),
(1059, 'C1SC2', 'A04', 'A02', 1),
(1047, 'C1SC1', 'A06', 'A07', 1),
(1046, 'C1SC1', 'A05', 'A07', 1),
(1045, 'C1SC1', 'A04', 'A07', 1),
(1044, 'C1SC1', 'A03', 'A07', 1),
(1040, 'C1SC1', 'A06', 'A06', 1),
(1041, 'C1SC1', 'A07', 'A06', 1),
(1042, 'C1SC1', 'A01', 'A07', 1),
(1043, 'C1SC1', 'A02', 'A07', 1),
(1145, 'C1SC3', 'A06', 'A07', 1),
(1144, 'C1SC3', 'A05', 'A07', 1),
(1143, 'C1SC3', 'A04', 'A07', 1),
(1142, 'C1SC3', 'A03', 'A07', 1),
(1186, 'C1SC4', 'A05', 'A06', 1),
(1185, 'C1SC4', 'A04', 'A06', 0.333333333),
(1184, 'C1SC4', 'A03', 'A06', 1),
(1183, 'C1SC4', 'A02', 'A06', 1),
(1230, 'C1SC5', 'A07', 'A05', 1),
(1229, 'C1SC5', 'A06', 'A05', 1),
(1228, 'C1SC5', 'A05', 'A05', 1),
(1227, 'C1SC5', 'A04', 'A05', 0.333333333),
(1226, 'C1SC5', 'A03', 'A05', 1),
(1225, 'C1SC5', 'A02', 'A05', 1),
(1224, 'C1SC5', 'A01', 'A05', 1),
(1223, 'C1SC5', 'A07', 'A04', 3),
(1274, 'C2SC1', 'A02', 'A05', 1),
(1273, 'C2SC1', 'A01', 'A05', 5),
(1272, 'C2SC1', 'A07', 'A04', 5),
(1271, 'C2SC1', 'A06', 'A04', 5),
(1270, 'C2SC1', 'A05', 'A04', 1),
(1269, 'C2SC1', 'A04', 'A04', 1),
(1268, 'C2SC1', 'A03', 'A04', 1),
(1267, 'C2SC1', 'A02', 'A04', 1),
(1318, 'C2SC2', 'A04', 'A04', 1),
(1317, 'C2SC2', 'A03', 'A04', 1),
(1316, 'C2SC2', 'A02', 'A04', 1),
(1315, 'C2SC2', 'A01', 'A04', 1),
(1314, 'C2SC2', 'A07', 'A03', 1),
(1313, 'C2SC2', 'A06', 'A03', 1),
(1312, 'C2SC2', 'A05', 'A03', 1),
(1311, 'C2SC2', 'A04', 'A03', 1),
(1362, 'C3SC1', 'A06', 'A03', 5),
(1361, 'C3SC1', 'A05', 'A03', 1),
(1360, 'C3SC1', 'A04', 'A03', 1),
(1359, 'C3SC1', 'A03', 'A03', 1),
(1358, 'C3SC1', 'A02', 'A03', 1),
(1357, 'C3SC1', 'A01', 'A03', 5),
(1356, 'C3SC1', 'A07', 'A02', 5),
(1355, 'C3SC1', 'A06', 'A02', 5),
(407, '	S01SC02', 'A04', 'A01', 1),
(408, '	S01SC02', 'A04', 'A02', 1),
(409, '	S01SC02', 'A04', 'A03', 1),
(410, '	S01SC02', 'A04', 'A04', 1),
(411, '	S01SC02', 'A01', 'A04', 1),
(412, '	S01SC02', 'A02', 'A04', 1),
(413, '	S01SC02', 'A03', 'A04', 1),
(1039, 'C1SC1', 'A05', 'A06', 1),
(1038, 'C1SC1', 'A04', 'A06', 1),
(1037, 'C1SC1', 'A03', 'A06', 1),
(1036, 'C1SC1', 'A02', 'A06', 1),
(1035, 'C1SC1', 'A01', 'A06', 1),
(1034, 'C1SC1', 'A07', 'A05', 1),
(1033, 'C1SC1', 'A06', 'A05', 1),
(1104, 'C1SC3', 'A07', 'A01', 1),
(1103, 'C1SC3', 'A06', 'A01', 1),
(1102, 'C1SC3', 'A05', 'A01', 1),
(1101, 'C1SC3', 'A04', 'A01', 1),
(1100, 'C1SC3', 'A03', 'A01', 1),
(1099, 'C1SC3', 'A02', 'A01', 1),
(1141, 'C1SC3', 'A02', 'A07', 1),
(1140, 'C1SC3', 'A01', 'A07', 1),
(1139, 'C1SC3', 'A07', 'A06', 1),
(1138, 'C1SC3', 'A06', 'A06', 1),
(1137, 'C1SC3', 'A05', 'A06', 1),
(1136, 'C1SC3', 'A04', 'A06', 1),
(1182, 'C1SC4', 'A01', 'A06', 1),
(1181, 'C1SC4', 'A07', 'A05', 1),
(1180, 'C1SC4', 'A06', 'A05', 1),
(1179, 'C1SC4', 'A05', 'A05', 1),
(1178, 'C1SC4', 'A04', 'A05', 0.333333333),
(1177, 'C1SC4', 'A03', 'A05', 1),
(1222, 'C1SC5', 'A06', 'A04', 3),
(1221, 'C1SC5', 'A05', 'A04', 3),
(1220, 'C1SC5', 'A04', 'A04', 1),
(1219, 'C1SC5', 'A03', 'A04', 3),
(1218, 'C1SC5', 'A02', 'A04', 3),
(1217, 'C1SC5', 'A01', 'A04', 3),
(1266, 'C2SC1', 'A01', 'A04', 5),
(1265, 'C2SC1', 'A07', 'A03', 5),
(1264, 'C2SC1', 'A06', 'A03', 5),
(1263, 'C2SC1', 'A05', 'A03', 1),
(1262, 'C2SC1', 'A04', 'A03', 1),
(1261, 'C2SC1', 'A03', 'A03', 1),
(1310, 'C2SC2', 'A03', 'A03', 1),
(1309, 'C2SC2', 'A02', 'A03', 1),
(1308, 'C2SC2', 'A01', 'A03', 1),
(1307, 'C2SC2', 'A07', 'A02', 1),
(1306, 'C2SC2', 'A06', 'A02', 1),
(1305, 'C2SC2', 'A05', 'A02', 1),
(1354, 'C3SC1', 'A05', 'A02', 1),
(1353, 'C3SC1', 'A04', 'A02', 1),
(1352, 'C3SC1', 'A03', 'A02', 1),
(1351, 'C3SC1', 'A02', 'A02', 1),
(1350, 'C3SC1', 'A01', 'A02', 5),
(1349, 'C3SC1', 'A07', 'A01', 1),
(470, '	S01SC02', 'A05', 'A01', 1),
(471, '	S01SC02', 'A05', 'A02', 1),
(472, '	S01SC02', 'A05', 'A03', 1),
(473, '	S01SC02', 'A05', 'A04', 1),
(474, '	S01SC02', 'A05', 'A05', 1),
(475, '	S01SC02', 'A01', 'A05', 1),
(476, '	S01SC02', 'A02', 'A05', 1),
(477, '	S01SC02', 'A03', 'A05', 1),
(478, '	S01SC02', 'A04', 'A05', 1),
(1032, 'C1SC1', 'A05', 'A05', 1),
(1031, 'C1SC1', 'A04', 'A05', 1),
(1030, 'C1SC1', 'A03', 'A05', 1),
(1029, 'C1SC1', 'A02', 'A05', 1),
(1028, 'C1SC1', 'A01', 'A05', 1),
(1027, 'C1SC1', 'A07', 'A04', 1),
(1026, 'C1SC1', 'A06', 'A04', 1),
(1025, 'C1SC1', 'A05', 'A04', 1),
(1024, 'C1SC1', 'A04', 'A04', 1),
(1098, 'C1SC3', 'A01', 'A01', 1),
(1097, 'C1SC2', 'A07', 'A07', 1),
(1096, 'C1SC2', 'A06', 'A07', 1),
(1095, 'C1SC2', 'A05', 'A07', 1),
(1094, 'C1SC2', 'A04', 'A07', 1),
(1093, 'C1SC2', 'A03', 'A07', 1),
(1092, 'C1SC2', 'A02', 'A07', 1),
(1091, 'C1SC2', 'A01', 'A07', 3),
(1135, 'C1SC3', 'A03', 'A06', 1),
(1134, 'C1SC3', 'A02', 'A06', 1),
(1133, 'C1SC3', 'A01', 'A06', 1),
(1132, 'C1SC3', 'A07', 'A05', 1),
(1131, 'C1SC3', 'A06', 'A05', 1),
(1130, 'C1SC3', 'A05', 'A05', 1),
(1129, 'C1SC3', 'A04', 'A05', 1),
(1128, 'C1SC3', 'A03', 'A05', 1),
(1176, 'C1SC4', 'A02', 'A05', 1),
(1175, 'C1SC4', 'A01', 'A05', 1),
(1174, 'C1SC4', 'A07', 'A04', 3),
(1173, 'C1SC4', 'A06', 'A04', 3),
(1172, 'C1SC4', 'A05', 'A04', 3),
(1171, 'C1SC4', 'A04', 'A04', 1),
(1170, 'C1SC4', 'A03', 'A04', 3),
(1169, 'C1SC4', 'A02', 'A04', 3),
(1216, 'C1SC5', 'A07', 'A03', 1),
(1215, 'C1SC5', 'A06', 'A03', 1),
(1214, 'C1SC5', 'A05', 'A03', 1),
(1213, 'C1SC5', 'A04', 'A03', 0.333333333),
(1212, 'C1SC5', 'A03', 'A03', 1),
(1211, 'C1SC5', 'A02', 'A03', 1),
(1210, 'C1SC5', 'A01', 'A03', 1),
(1209, 'C1SC5', 'A07', 'A02', 1),
(1260, 'C2SC1', 'A02', 'A03', 1),
(1259, 'C2SC1', 'A01', 'A03', 5),
(1258, 'C2SC1', 'A07', 'A02', 5),
(1257, 'C2SC1', 'A06', 'A02', 5),
(1256, 'C2SC1', 'A05', 'A02', 1),
(1255, 'C2SC1', 'A04', 'A02', 1),
(1254, 'C2SC1', 'A03', 'A02', 1),
(1253, 'C2SC1', 'A02', 'A02', 1),
(1304, 'C2SC2', 'A04', 'A02', 1),
(1303, 'C2SC2', 'A03', 'A02', 1),
(1302, 'C2SC2', 'A02', 'A02', 1),
(1301, 'C2SC2', 'A01', 'A02', 1),
(1300, 'C2SC2', 'A07', 'A01', 1),
(1299, 'C2SC2', 'A06', 'A01', 1),
(1298, 'C2SC2', 'A05', 'A01', 1),
(1297, 'C2SC2', 'A04', 'A01', 1),
(1348, 'C3SC1', 'A06', 'A01', 1),
(1347, 'C3SC1', 'A05', 'A01', 0.2),
(1346, 'C3SC1', 'A04', 'A01', 0.2),
(1345, 'C3SC1', 'A03', 'A01', 0.2),
(1344, 'C3SC1', 'A02', 'A01', 0.2),
(1343, 'C3SC1', 'A01', 'A01', 1),
(1342, 'C2SC2', 'A07', 'A07', 1),
(1341, 'C2SC2', 'A06', 'A07', 1),
(551, '	S01SC02', 'A06', 'A01', 1),
(552, '	S01SC02', 'A06', 'A02', 1),
(553, '	S01SC02', 'A06', 'A03', 1),
(554, '	S01SC02', 'A06', 'A04', 1),
(555, '	S01SC02', 'A06', 'A05', 1),
(556, '	S01SC02', 'A06', 'A06', 1),
(557, '	S01SC02', 'A01', 'A06', 1),
(558, '	S01SC02', 'A02', 'A06', 1),
(559, '	S01SC02', 'A03', 'A06', 1),
(560, '	S01SC02', 'A04', 'A06', 1),
(561, '	S01SC02', 'A05', 'A06', 1),
(1023, 'C1SC1', 'A03', 'A04', 1),
(1022, 'C1SC1', 'A02', 'A04', 1),
(1021, 'C1SC1', 'A01', 'A04', 1),
(1020, 'C1SC1', 'A07', 'A03', 1),
(1019, 'C1SC1', 'A06', 'A03', 1),
(1018, 'C1SC1', 'A05', 'A03', 1),
(1017, 'C1SC1', 'A04', 'A03', 1),
(1016, 'C1SC1', 'A03', 'A03', 1),
(1015, 'C1SC1', 'A02', 'A03', 1),
(1014, 'C1SC1', 'A01', 'A03', 1),
(1013, 'C1SC1', 'A07', 'A02', 1),
(1090, 'C1SC2', 'A07', 'A06', 1),
(1089, 'C1SC2', 'A06', 'A06', 1),
(1088, 'C1SC2', 'A05', 'A06', 1),
(1087, 'C1SC2', 'A04', 'A06', 1),
(1086, 'C1SC2', 'A03', 'A06', 1),
(1085, 'C1SC2', 'A02', 'A06', 1),
(1084, 'C1SC2', 'A01', 'A06', 3),
(1083, 'C1SC2', 'A07', 'A05', 1),
(1082, 'C1SC2', 'A06', 'A05', 1),
(1081, 'C1SC2', 'A05', 'A05', 1),
(1127, 'C1SC3', 'A02', 'A05', 1),
(1126, 'C1SC3', 'A01', 'A05', 1),
(1125, 'C1SC3', 'A07', 'A04', 1),
(1124, 'C1SC3', 'A06', 'A04', 1),
(1123, 'C1SC3', 'A05', 'A04', 1),
(1122, 'C1SC3', 'A04', 'A04', 1),
(1121, 'C1SC3', 'A03', 'A04', 1),
(1120, 'C1SC3', 'A02', 'A04', 1),
(1119, 'C1SC3', 'A01', 'A04', 1),
(1118, 'C1SC3', 'A07', 'A03', 1),
(1168, 'C1SC4', 'A01', 'A04', 3),
(1167, 'C1SC4', 'A07', 'A03', 1),
(1166, 'C1SC4', 'A06', 'A03', 1),
(1165, 'C1SC4', 'A05', 'A03', 1),
(1164, 'C1SC4', 'A04', 'A03', 0.333333333),
(1163, 'C1SC4', 'A03', 'A03', 1),
(1162, 'C1SC4', 'A02', 'A03', 1),
(1161, 'C1SC4', 'A01', 'A03', 1),
(1160, 'C1SC4', 'A07', 'A02', 1),
(1159, 'C1SC4', 'A06', 'A02', 1),
(1208, 'C1SC5', 'A06', 'A02', 1),
(1207, 'C1SC5', 'A05', 'A02', 1),
(1206, 'C1SC5', 'A04', 'A02', 0.333333333),
(1205, 'C1SC5', 'A03', 'A02', 1),
(1204, 'C1SC5', 'A02', 'A02', 1),
(1203, 'C1SC5', 'A01', 'A02', 1),
(1202, 'C1SC5', 'A07', 'A01', 1),
(1201, 'C1SC5', 'A06', 'A01', 1),
(1200, 'C1SC5', 'A05', 'A01', 1),
(1199, 'C1SC5', 'A04', 'A01', 0.333333333),
(1252, 'C2SC1', 'A01', 'A02', 5),
(1251, 'C2SC1', 'A07', 'A01', 1),
(1250, 'C2SC1', 'A06', 'A01', 1),
(1249, 'C2SC1', 'A05', 'A01', 0.2),
(1248, 'C2SC1', 'A04', 'A01', 0.2),
(1247, 'C2SC1', 'A03', 'A01', 0.2),
(1246, 'C2SC1', 'A02', 'A01', 0.2),
(1245, 'C2SC1', 'A01', 'A01', 1),
(1244, 'C1SC5', 'A07', 'A07', 1),
(1243, 'C1SC5', 'A06', 'A07', 1),
(1296, 'C2SC2', 'A03', 'A01', 1),
(1295, 'C2SC2', 'A02', 'A01', 1),
(1294, 'C2SC2', 'A01', 'A01', 1),
(1293, 'C2SC1', 'A07', 'A07', 1),
(1292, 'C2SC1', 'A06', 'A07', 1),
(1291, 'C2SC1', 'A05', 'A07', 0.2),
(1290, 'C2SC1', 'A04', 'A07', 0.2),
(1289, 'C2SC1', 'A03', 'A07', 0.2),
(1288, 'C2SC1', 'A02', 'A07', 0.2),
(1287, 'C2SC1', 'A01', 'A07', 1),
(1340, 'C2SC2', 'A05', 'A07', 1),
(1339, 'C2SC2', 'A04', 'A07', 1),
(1338, 'C2SC2', 'A03', 'A07', 1),
(1337, 'C2SC2', 'A02', 'A07', 1),
(1336, 'C2SC2', 'A01', 'A07', 1),
(1335, 'C2SC2', 'A07', 'A06', 1),
(1334, 'C2SC2', 'A06', 'A06', 1),
(1333, 'C2SC2', 'A05', 'A06', 1),
(1332, 'C2SC2', 'A04', 'A06', 1),
(1331, 'C2SC2', 'A03', 'A06', 1),
(650, '	S01SC02', 'A07', 'A01', 1),
(651, '	S01SC02', 'A07', 'A02', 1),
(652, '	S01SC02', 'A07', 'A03', 1),
(653, '	S01SC02', 'A07', 'A04', 1),
(654, '	S01SC02', 'A07', 'A05', 1),
(655, '	S01SC02', 'A07', 'A06', 1),
(656, '	S01SC02', 'A07', 'A07', 1),
(657, '	S01SC02', 'A01', 'A07', 1),
(658, '	S01SC02', 'A02', 'A07', 1),
(659, '	S01SC02', 'A03', 'A07', 1),
(660, '	S01SC02', 'A04', 'A07', 1),
(661, '	S01SC02', 'A05', 'A07', 1),
(662, '	S01SC02', 'A06', 'A07', 1),
(1012, 'C1SC1', 'A06', 'A02', 1),
(1011, 'C1SC1', 'A05', 'A02', 1),
(1010, 'C1SC1', 'A04', 'A02', 1),
(1009, 'C1SC1', 'A03', 'A02', 1),
(1008, 'C1SC1', 'A02', 'A02', 1),
(1007, 'C1SC1', 'A01', 'A02', 1),
(1006, 'C1SC1', 'A07', 'A01', 1),
(1005, 'C1SC1', 'A06', 'A01', 1),
(1004, 'C1SC1', 'A05', 'A01', 1),
(1003, 'C1SC1', 'A04', 'A01', 1),
(1002, 'C1SC1', 'A03', 'A01', 1),
(1001, 'C1SC1', 'A02', 'A01', 1),
(1000, 'C1SC1', 'A01', 'A01', 1),
(1080, 'C1SC2', 'A04', 'A05', 1),
(1079, 'C1SC2', 'A03', 'A05', 1),
(1078, 'C1SC2', 'A02', 'A05', 1),
(1077, 'C1SC2', 'A01', 'A05', 3),
(1076, 'C1SC2', 'A07', 'A04', 1),
(1075, 'C1SC2', 'A06', 'A04', 1),
(1074, 'C1SC2', 'A05', 'A04', 1),
(1073, 'C1SC2', 'A04', 'A04', 1),
(1072, 'C1SC2', 'A03', 'A04', 1),
(1071, 'C1SC2', 'A02', 'A04', 1),
(1070, 'C1SC2', 'A01', 'A04', 3),
(1069, 'C1SC2', 'A07', 'A03', 1),
(1117, 'C1SC3', 'A06', 'A03', 1),
(1116, 'C1SC3', 'A05', 'A03', 1),
(1115, 'C1SC3', 'A04', 'A03', 1),
(1114, 'C1SC3', 'A03', 'A03', 1),
(1113, 'C1SC3', 'A02', 'A03', 1),
(1112, 'C1SC3', 'A01', 'A03', 1),
(1111, 'C1SC3', 'A07', 'A02', 1),
(1110, 'C1SC3', 'A06', 'A02', 1),
(1109, 'C1SC3', 'A05', 'A02', 1),
(1108, 'C1SC3', 'A04', 'A02', 1),
(1107, 'C1SC3', 'A03', 'A02', 1),
(1106, 'C1SC3', 'A02', 'A02', 1),
(1158, 'C1SC4', 'A05', 'A02', 1),
(1157, 'C1SC4', 'A04', 'A02', 0.333333333),
(1156, 'C1SC4', 'A03', 'A02', 1),
(1155, 'C1SC4', 'A02', 'A02', 1),
(1154, 'C1SC4', 'A01', 'A02', 1),
(1153, 'C1SC4', 'A07', 'A01', 1),
(1152, 'C1SC4', 'A06', 'A01', 1),
(1151, 'C1SC4', 'A05', 'A01', 1),
(1150, 'C1SC4', 'A04', 'A01', 0.333333333),
(1149, 'C1SC4', 'A03', 'A01', 1),
(1148, 'C1SC4', 'A02', 'A01', 1),
(1147, 'C1SC4', 'A01', 'A01', 1),
(1198, 'C1SC5', 'A03', 'A01', 1),
(1197, 'C1SC5', 'A02', 'A01', 1),
(1196, 'C1SC5', 'A01', 'A01', 1),
(1195, 'C1SC4', 'A07', 'A07', 1),
(1194, 'C1SC4', 'A06', 'A07', 1),
(1193, 'C1SC4', 'A05', 'A07', 1),
(1192, 'C1SC4', 'A04', 'A07', 0.333333333),
(1191, 'C1SC4', 'A03', 'A07', 1),
(1190, 'C1SC4', 'A02', 'A07', 1),
(1189, 'C1SC4', 'A01', 'A07', 1),
(1188, 'C1SC4', 'A07', 'A06', 1),
(1187, 'C1SC4', 'A06', 'A06', 1),
(1242, 'C1SC5', 'A05', 'A07', 1),
(1241, 'C1SC5', 'A04', 'A07', 0.333333333),
(1240, 'C1SC5', 'A03', 'A07', 1),
(1239, 'C1SC5', 'A02', 'A07', 1),
(1238, 'C1SC5', 'A01', 'A07', 1),
(1237, 'C1SC5', 'A07', 'A06', 1),
(1236, 'C1SC5', 'A06', 'A06', 1),
(1235, 'C1SC5', 'A05', 'A06', 1),
(1234, 'C1SC5', 'A04', 'A06', 0.333333333),
(1233, 'C1SC5', 'A03', 'A06', 1),
(1232, 'C1SC5', 'A02', 'A06', 1),
(1231, 'C1SC5', 'A01', 'A06', 1),
(1286, 'C2SC1', 'A07', 'A06', 1),
(1285, 'C2SC1', 'A06', 'A06', 1),
(1284, 'C2SC1', 'A05', 'A06', 0.2),
(1283, 'C2SC1', 'A04', 'A06', 0.2),
(1282, 'C2SC1', 'A03', 'A06', 0.2),
(1281, 'C2SC1', 'A02', 'A06', 0.2),
(1280, 'C2SC1', 'A01', 'A06', 1),
(1279, 'C2SC1', 'A07', 'A05', 5),
(1278, 'C2SC1', 'A06', 'A05', 5),
(1277, 'C2SC1', 'A05', 'A05', 1),
(1276, 'C2SC1', 'A04', 'A05', 1),
(1275, 'C2SC1', 'A03', 'A05', 1),
(1330, 'C2SC2', 'A02', 'A06', 1),
(1329, 'C2SC2', 'A01', 'A06', 1),
(1328, 'C2SC2', 'A07', 'A05', 1),
(1327, 'C2SC2', 'A06', 'A05', 1),
(1326, 'C2SC2', 'A05', 'A05', 1),
(1325, 'C2SC2', 'A04', 'A05', 1),
(1324, 'C2SC2', 'A03', 'A05', 1),
(1323, 'C2SC2', 'A02', 'A05', 1),
(1322, 'C2SC2', 'A01', 'A05', 1),
(1321, 'C2SC2', 'A07', 'A04', 1),
(1320, 'C2SC2', 'A06', 'A04', 1),
(1319, 'C2SC2', 'A05', 'A04', 1),
(1426, 'C3SC2', 'A07', 'A05', 5),
(1425, 'C3SC2', 'A06', 'A05', 5),
(1424, 'C3SC2', 'A05', 'A05', 1),
(1423, 'C3SC2', 'A04', 'A05', 1),
(1422, 'C3SC2', 'A03', 'A05', 1),
(1421, 'C3SC2', 'A02', 'A05', 1),
(1420, 'C3SC2', 'A01', 'A05', 5),
(1419, 'C3SC2', 'A07', 'A04', 5),
(1418, 'C3SC2', 'A06', 'A04', 5),
(1417, 'C3SC2', 'A05', 'A04', 1),
(1416, 'C3SC2', 'A04', 'A04', 1),
(1415, 'C3SC2', 'A03', 'A04', 1),
(1414, 'C3SC2', 'A02', 'A04', 1),
(1413, 'C3SC2', 'A01', 'A04', 5),
(1412, 'C3SC2', 'A07', 'A03', 5),
(1411, 'C3SC2', 'A06', 'A03', 5),
(1410, 'C3SC2', 'A05', 'A03', 1),
(1409, 'C3SC2', 'A04', 'A03', 1),
(1408, 'C3SC2', 'A03', 'A03', 1),
(1407, 'C3SC2', 'A02', 'A03', 1),
(1406, 'C3SC2', 'A01', 'A03', 5),
(1405, 'C3SC2', 'A07', 'A02', 5),
(1404, 'C3SC2', 'A06', 'A02', 5),
(1403, 'C3SC2', 'A05', 'A02', 1),
(1402, 'C3SC2', 'A04', 'A02', 1),
(1401, 'C3SC2', 'A03', 'A02', 1),
(1400, 'C3SC2', 'A02', 'A02', 1),
(1399, 'C3SC2', 'A01', 'A02', 5),
(1398, 'C3SC2', 'A07', 'A01', 1),
(1397, 'C3SC2', 'A06', 'A01', 1),
(1396, 'C3SC2', 'A05', 'A01', 0.2),
(1395, 'C3SC2', 'A04', 'A01', 0.2),
(1394, 'C3SC2', 'A03', 'A01', 0.2),
(1393, 'C3SC2', 'A02', 'A01', 0.2),
(1392, 'C3SC2', 'A01', 'A01', 1),
(1391, 'C3SC1', 'A07', 'A07', 1),
(1390, 'C3SC1', 'A06', 'A07', 1),
(1389, 'C3SC1', 'A05', 'A07', 0.2),
(1388, 'C3SC1', 'A04', 'A07', 0.2),
(1387, 'C3SC1', 'A03', 'A07', 0.2),
(1386, 'C3SC1', 'A02', 'A07', 0.2),
(1385, 'C3SC1', 'A01', 'A07', 1),
(1384, 'C3SC1', 'A07', 'A06', 1),
(1383, 'C3SC1', 'A06', 'A06', 1),
(1382, 'C3SC1', 'A05', 'A06', 0.2),
(1381, 'C3SC1', 'A04', 'A06', 0.2),
(1380, 'C3SC1', 'A03', 'A06', 0.2),
(1379, 'C3SC1', 'A02', 'A06', 0.2),
(1378, 'C3SC1', 'A01', 'A06', 1),
(1440, 'C3SC2', 'A07', 'A07', 1),
(1439, 'C3SC2', 'A06', 'A07', 1),
(1438, 'C3SC2', 'A05', 'A07', 0.2),
(1437, 'C3SC2', 'A04', 'A07', 0.2),
(1436, 'C3SC2', 'A03', 'A07', 0.2),
(1435, 'C3SC2', 'A02', 'A07', 0.2),
(1434, 'C3SC2', 'A01', 'A07', 1),
(1377, 'C3SC1', 'A07', 'A05', 5),
(1376, 'C3SC1', 'A06', 'A05', 5),
(1375, 'C3SC1', 'A05', 'A05', 1),
(1374, 'C3SC1', 'A04', 'A05', 1),
(1373, 'C3SC1', 'A03', 'A05', 1),
(1372, 'C3SC1', 'A02', 'A05', 1),
(1371, 'C3SC1', 'A01', 'A05', 5),
(1433, 'C3SC2', 'A07', 'A06', 1),
(1432, 'C3SC2', 'A06', 'A06', 1),
(1431, 'C3SC2', 'A05', 'A06', 0.2),
(1430, 'C3SC2', 'A04', 'A06', 0.2),
(1429, 'C3SC2', 'A03', 'A06', 0.2),
(1428, 'C3SC2', 'A02', 'A06', 0.2),
(1427, 'C3SC2', 'A01', 'A06', 1),
(1370, 'C3SC1', 'A07', 'A04', 5),
(1369, 'C3SC1', 'A06', 'A04', 5),
(1368, 'C3SC1', 'A05', 'A04', 1),
(1367, 'C3SC1', 'A04', 'A04', 1),
(1366, 'C3SC1', 'A03', 'A04', 1),
(1365, 'C3SC1', 'A02', 'A04', 1),
(1364, 'C3SC1', 'A01', 'A04', 5);

-- --------------------------------------------------------

--
-- Table structure for table `tb_rel_kriteria`
--

CREATE TABLE `tb_rel_kriteria` (
  `ID` int(11) NOT NULL,
  `ID1` varchar(16) DEFAULT NULL,
  `ID2` varchar(16) DEFAULT NULL,
  `nilai` double DEFAULT NULL
) ENGINE=MyISAM DEFAULT CHARSET=latin1;

--
-- Dumping data for table `tb_rel_kriteria`
--

INSERT INTO `tb_rel_kriteria` (`ID`, `ID1`, `ID2`, `nilai`) VALUES
(2, 'C03', 'C01', 0.142857142),
(4, 'C01', 'C03', 7),
(7, 'C03', 'C03', 1),
(8, 'C02', 'C03', 3),
(9, 'C03', 'C02', 0.333333333),
(10, 'C02', 'C02', 1),
(11, 'C01', 'C02', 5),
(12, 'C01', 'C01', 1),
(13, 'C02', 'C01', 0.2);

-- --------------------------------------------------------

--
-- Table structure for table `tb_rel_sub`
--

CREATE TABLE `tb_rel_sub` (
  `ID` int(11) NOT NULL,
  `ID1` varchar(16) DEFAULT NULL,
  `ID2` varchar(16) DEFAULT NULL,
  `nilai` double DEFAULT NULL
) ENGINE=InnoDB DEFAULT CHARSET=latin1;

--
-- Dumping data for table `tb_rel_sub`
--

INSERT INTO `tb_rel_sub` (`ID`, `ID1`, `ID2`, `nilai`) VALUES
(295, '	S01SC02', '	S01SC02', 1),
(462, 'C1SC1', 'C1SC1', 1),
(463, 'C1SC2', 'C1SC1', 0.2),
(464, 'C1SC2', 'C1SC2', 1),
(466, 'C1SC1', 'C1SC2', 5),
(467, 'C1SC3', 'C1SC1', 3),
(468, 'C1SC3', 'C1SC2', 7),
(469, 'C1SC3', 'C1SC3', 1),
(470, 'C1SC1', 'C1SC3', 0.333333333),
(471, 'C1SC2', 'C1SC3', 0.142857142),
(473, 'C1SC4', 'C1SC1', 0.2),
(474, 'C1SC4', 'C1SC2', 1),
(475, 'C1SC4', 'C1SC3', 0.142857142),
(476, 'C1SC4', 'C1SC4', 1),
(480, 'C1SC1', 'C1SC4', 5),
(481, 'C1SC2', 'C1SC4', 1),
(482, 'C1SC3', 'C1SC4', 7),
(483, 'C1SC5', 'C1SC1', 0.2),
(484, 'C1SC5', 'C1SC2', 0.333333333),
(485, 'C1SC5', 'C1SC3', 0.142857142),
(486, 'C1SC5', 'C1SC4', 0.333333333),
(487, 'C1SC5', 'C1SC5', 1),
(490, 'C1SC1', 'C1SC5', 5),
(491, 'C1SC2', 'C1SC5', 3),
(492, 'C1SC3', 'C1SC5', 7),
(493, 'C1SC4', 'C1SC5', 3),
(497, 'C2SC1', 'C1SC1', 1),
(498, 'C2SC1', 'C1SC2', 1),
(499, 'C2SC1', 'C1SC3', 1),
(500, 'C2SC1', 'C1SC4', 1),
(501, 'C2SC1', 'C1SC5', 1),
(502, 'C2SC1', 'C2SC1', 1),
(504, 'C1SC1', 'C2SC1', 1),
(505, 'C1SC2', 'C2SC1', 1),
(506, 'C1SC3', 'C2SC1', 1),
(507, 'C1SC4', 'C2SC1', 1),
(508, 'C1SC5', 'C2SC1', 1),
(511, 'C2SC2', 'C1SC1', 1),
(512, 'C2SC2', 'C1SC2', 1),
(513, 'C2SC2', 'C1SC3', 1),
(514, 'C2SC2', 'C1SC4', 1),
(515, 'C2SC2', 'C1SC5', 1),
(516, 'C2SC2', 'C2SC1', 0.333333333),
(517, 'C2SC2', 'C2SC2', 1),
(518, 'C1SC1', 'C2SC2', 1),
(519, 'C1SC2', 'C2SC2', 1),
(520, 'C1SC3', 'C2SC2', 1),
(521, 'C1SC4', 'C2SC2', 1),
(522, 'C1SC5', 'C2SC2', 1),
(523, 'C2SC1', 'C2SC2', 3),
(525, 'C3SC1', 'C1SC1', 1),
(526, 'C3SC1', 'C1SC2', 1),
(527, 'C3SC1', 'C1SC3', 1),
(528, 'C3SC1', 'C1SC4', 1),
(529, 'C3SC1', 'C1SC5', 1),
(530, 'C3SC1', 'C2SC1', 1),
(531, 'C3SC1', 'C2SC2', 1),
(532, 'C3SC1', 'C3SC1', 1),
(540, 'C1SC1', 'C3SC1', 1),
(541, 'C1SC2', 'C3SC1', 1),
(542, 'C1SC3', 'C3SC1', 1),
(543, 'C1SC4', 'C3SC1', 1),
(544, 'C1SC5', 'C3SC1', 1),
(545, 'C2SC1', 'C3SC1', 1),
(546, 'C2SC2', 'C3SC1', 1),
(547, 'C3SC2', 'C1SC1', 1),
(548, 'C3SC2', 'C1SC2', 1),
(549, 'C3SC2', 'C1SC3', 1),
(550, 'C3SC2', 'C1SC4', 1),
(551, 'C3SC2', 'C1SC5', 1),
(552, 'C3SC2', 'C2SC1', 1),
(553, 'C3SC2', 'C2SC2', 1),
(554, 'C3SC2', 'C3SC1', 0.333333333),
(555, 'C3SC2', 'C3SC2', 1),
(562, 'C1SC1', 'C3SC2', 1),
(563, 'C1SC2', 'C3SC2', 1),
(564, 'C1SC3', 'C3SC2', 1),
(565, 'C1SC4', 'C3SC2', 1),
(566, 'C1SC5', 'C3SC2', 1),
(567, 'C2SC1', 'C3SC2', 1),
(568, 'C2SC2', 'C3SC2', 1),
(569, 'C3SC1', 'C3SC2', 3);

-- --------------------------------------------------------

--
-- Table structure for table `tb_sub`
--

CREATE TABLE `tb_sub` (
  `kode_sub` varchar(16) NOT NULL,
  `kode_kriteria` varchar(16) DEFAULT NULL,
  `nama_sub` varchar(255) DEFAULT NULL,
  `bobot_sub` double DEFAULT NULL
) ENGINE=InnoDB DEFAULT CHARSET=latin1;

--
-- Dumping data for table `tb_sub`
--

INSERT INTO `tb_sub` (`kode_sub`, `kode_kriteria`, `nama_sub`, `bobot_sub`) VALUES
('C1SC1', 'C01', 'Tanggung Jawab', 0.27348256140349),
('C1SC2', 'C01', 'Penyesuaian Diri', 0.084397792432823),
('C1SC3', 'C01', 'Penguasaan Teknis', 0.51298134404951),
('C1SC4', 'C01', 'Kerjasama', 0.084397792432823),
('C1SC5', 'C01', 'Pemahaman Organisasi', 0.04474050968135),
('C2SC1', 'C02', 'Pencapaian Target (Kuantitas)', 0.75000000009375),
('C2SC2', 'C02', 'Pencapaian Target (Kualitas)', 0.24999999990625),
('C3SC1', 'C03', 'Kehadiran', 0.75000000009375),
('C3SC2', 'C03', 'Disiplin', 0.24999999990625);

-- --------------------------------------------------------

--
-- Table structure for table `tb_user`
--

CREATE TABLE `tb_user` (
  `kode_user` varchar(16) DEFAULT NULL,
  `nama_user` varchar(255) DEFAULT NULL,
  `user` varchar(16) DEFAULT NULL,
  `pass` varchar(16) DEFAULT NULL,
  `level` varchar(16) DEFAULT NULL
) ENGINE=InnoDB DEFAULT CHARSET=latin1;

--
-- Dumping data for table `tb_user`
--

INSERT INTO `tb_user` (`kode_user`, `nama_user`, `user`, `pass`, `level`) VALUES
('U001', 'Administrator', 'admin', 'admin', 'admin'),
('U002', 'User', 'user', 'user', 'user');

--
-- Indexes for dumped tables
--

--
-- Indexes for table `tb_alternatif`
--
ALTER TABLE `tb_alternatif`
  ADD PRIMARY KEY (`kode_alternatif`);

--
-- Indexes for table `tb_alternatif_sub`
--
ALTER TABLE `tb_alternatif_sub`
  ADD PRIMARY KEY (`ID`);

--
-- Indexes for table `tb_kriteria`
--
ALTER TABLE `tb_kriteria`
  ADD PRIMARY KEY (`kode_kriteria`);

--
-- Indexes for table `tb_rel_alternatif`
--
ALTER TABLE `tb_rel_alternatif`
  ADD PRIMARY KEY (`ID`);

--
-- Indexes for table `tb_rel_kriteria`
--
ALTER TABLE `tb_rel_kriteria`
  ADD PRIMARY KEY (`ID`);

--
-- Indexes for table `tb_rel_sub`
--
ALTER TABLE `tb_rel_sub`
  ADD PRIMARY KEY (`ID`);

--
-- Indexes for table `tb_sub`
--
ALTER TABLE `tb_sub`
  ADD PRIMARY KEY (`kode_sub`);

--
-- AUTO_INCREMENT for dumped tables
--

--
-- AUTO_INCREMENT for table `tb_alternatif_sub`
--
ALTER TABLE `tb_alternatif_sub`
  MODIFY `ID` int(11) NOT NULL AUTO_INCREMENT, AUTO_INCREMENT=215;

--
-- AUTO_INCREMENT for table `tb_rel_alternatif`
--
ALTER TABLE `tb_rel_alternatif`
  MODIFY `ID` int(11) NOT NULL AUTO_INCREMENT, AUTO_INCREMENT=1441;

--
-- AUTO_INCREMENT for table `tb_rel_kriteria`
--
ALTER TABLE `tb_rel_kriteria`
  MODIFY `ID` int(11) NOT NULL AUTO_INCREMENT, AUTO_INCREMENT=70;

--
-- AUTO_INCREMENT for table `tb_rel_sub`
--
ALTER TABLE `tb_rel_sub`
  MODIFY `ID` int(11) NOT NULL AUTO_INCREMENT, AUTO_INCREMENT=570;
COMMIT;

/*!40101 SET CHARACTER_SET_CLIENT=@OLD_CHARACTER_SET_CLIENT */;
/*!40101 SET CHARACTER_SET_RESULTS=@OLD_CHARACTER_SET_RESULTS */;
/*!40101 SET COLLATION_CONNECTION=@OLD_COLLATION_CONNECTION */;
